﻿ACC1,Pearson's r,,-0.028
,Upper 95% CI,,0.163
,Lower 95% CI,,-0.217
ACC.2,Pearson's r,,-0.053
,Upper 95% CI,,0.14
,Lower 95% CI,,-0.24
ACC.3,Pearson's r,,-0.017
,Upper 95% CI,,0.174
,Lower 95% CI,,-0.206
ACC.4,Pearson's r,,0.154
,Upper 95% CI,,0.332
,Lower 95% CI,,-0.04
ACC.5,Pearson's r,,-0.096
,Upper 95% CI,,0.097
,Lower 95% CI,,-0.279
ACC.6,Pearson's r,,0.003
,Upper 95% CI,,0.196
,Lower 95% CI,,-0.19
ACC.7,Pearson's r,,-0.012
,Upper 95% CI,,0.182
,Lower 95% CI,,-0.204
ACC.8,Pearson's r,,-0.101
,Upper 95% CI,,0.093
,Lower 95% CI,,-0.284
ACC.9,Pearson's r,,-0.024
,Upper 95% CI,,0.167
,Lower 95% CI,,-0.213
ACC.10,Pearson's r,,0.024
,Upper 95% CI,,0.216
,Lower 95% CI,,-0.169
vmPFC.1,Pearson's r,,-0.011
,Upper 95% CI,,0.179
,Lower 95% CI,,-0.201
vmPFC.2,Pearson's r,,-0.007
,Upper 95% CI,,0.183
,Lower 95% CI,,-0.197
vmPFC.3,Pearson's r,,-0.025
,Upper 95% CI,,0.166
,Lower 95% CI,,-0.214
vmPFC.4,Pearson's r,,0.07
,Upper 95% CI,,0.256
,Lower 95% CI,,-0.123
vmPFC.5,Pearson's r,,-0.054
,Upper 95% CI,,0.138
,Lower 95% CI,,-0.24
vmPFC.6,Pearson's r,,0.184
,Upper 95% CI,,0.361
,Lower 95% CI,,-0.012
vmPFC.7,Pearson's r,,0.109
,Upper 95% CI,,0.294
,Lower 95% CI,,-0.088
vmPFC.8,Pearson's r,,0.036
,Upper 95% CI,,0.224
,Lower 95% CI,,-0.156
vmPFC.9,Pearson's r,,-0.14
,Upper 95% CI,,0.054
,Lower 95% CI,,-0.319
vmPFC.10,Pearson's r,,0.118
,Upper 95% CI,,0.302
,Lower 95% CI,,-0.079
L_Insula.1,Pearson's r,,0.029
,Upper 95% CI,,0.217
,Lower 95% CI,,-0.162
R_Insula.1,Pearson's r,,-0.168
,Upper 95% CI,,0.026
,Lower 95% CI,,-0.344
L_Insula.2,Pearson's r,,-0.036
,Upper 95% CI,,0.155
,Lower 95% CI,,-0.224
R_Insula.2,Pearson's r,,-0.14
,Upper 95% CI,,0.053
,Lower 95% CI,,-0.32
L_Insula.3,Pearson's r,,-0.057
,Upper 95% CI,,0.136
,Lower 95% CI,,-0.243
R_Insula.3,Pearson's r,,0.018
,Upper 95% CI,,0.207
,Lower 95% CI,,-0.173
L_Insula.4,Pearson's r,,-0.037
,Upper 95% CI,,0.154
,Lower 95% CI,,-0.225
R_Insula.4,Pearson's r,,0.033
,Upper 95% CI,,0.221
,Lower 95% CI,,-0.158
L_Insula.5,Pearson's r,,-0.041
,Upper 95% CI,,0.151
,Lower 95% CI,,-0.228
R_Insula.5,Pearson's r,,-0.2
,Upper 95% CI,,-0.007
,Lower 95% CI,,-0.373
L_Insula.6,Pearson's r,,0.018
,Upper 95% CI,,0.21
,Lower 95% CI,,-0.176
R_Insula.6,Pearson's r,,0.074
,Upper 95% CI,,0.262
,Lower 95% CI,,-0.121
L_Insula.7,Pearson's r,,0.053
,Upper 95% CI,,0.242
,Lower 95% CI,,-0.142
R_Insula.7,Pearson's r,,0.06
,Upper 95% CI,,0.249
,Lower 95% CI,,-0.135
L_Insula.8,Pearson's r,,-0.145
,Upper 95% CI,,0.049
,Lower 95% CI,,-0.324
R_Insula.8,Pearson's r,,0.045
,Upper 95% CI,,0.233
,Lower 95% CI,,-0.147
L_Insula.9,Pearson's r,,0.062
,Upper 95% CI,,0.248
,Lower 95% CI,,-0.131
R_Insula.9,Pearson's r,,0.064
,Upper 95% CI,,0.25
,Lower 95% CI,,-0.129
L_Insula.10,Pearson's r,,-0.076
,Upper 95% CI,,0.12
,Lower 95% CI,,-0.264
R_Insula.10,Pearson's r,,0.025
,Upper 95% CI,,0.216
,Lower 95% CI,,-0.169
L_OFC.1,Pearson's r,,-0.223
,Upper 95% CI,,-0.031
,Lower 95% CI,,-0.393
R_OFC.1,Pearson's r,,-0.082
,Upper 95% CI,,0.111
,Lower 95% CI,,-0.266
L_OFC.2,Pearson's r,,-0.176
,Upper 95% CI,,0.017
,Lower 95% CI,,-0.352
R_OFC.2,Pearson's r,,-0.072
,Upper 95% CI,,0.12
,Lower 95% CI,,-0.258
L_OFC.3,Pearson's r,,-0.018
,Upper 95% CI,,0.173
,Lower 95% CI,,-0.207
R_OFC.3,Pearson's r,,-0.026
,Upper 95% CI,,0.165
,Lower 95% CI,,-0.215
L_OFC.4,Pearson's r,,-0.182
,Upper 95% CI,,0.011
,Lower 95% CI,,-0.357
R_OFC.4,Pearson's r,,-0.056
,Upper 95% CI,,0.137
,Lower 95% CI,,-0.242
L_OFC.5,Pearson's r,,-0.218
,Upper 95% CI,,-0.025
,Lower 95% CI,,-0.389
R_OFC.5,Pearson's r,,-0.113
,Upper 95% CI,,0.08
,Lower 95% CI,,-0.296
L_OFC.6,Pearson's r,,-0.189
,Upper 95% CI,,0.007
,Lower 95% CI,,-0.366
R_OFC.6,Pearson's r,,0.178
,Upper 95% CI,,0.356
,Lower 95% CI,,-0.018
L_OFC.7,Pearson's r,,0.028
,Upper 95% CI,,0.219
,Lower 95% CI,,-0.166
R_OFC.7,Pearson's r,,0.112
,Upper 95% CI,,0.297
,Lower 95% CI,,-0.084
L_OFC.8,Pearson's r,,0.17
,Upper 95% CI,,0.347
,Lower 95% CI,,-0.023
R_OFC.8,Pearson's r,,-0.138
,Upper 95% CI,,0.056
,Lower 95% CI,,-0.318
L_OFC.9,Pearson's r,,0.163
,Upper 95% CI,,0.34
,Lower 95% CI,,-0.03
R_OFC.9,Pearson's r,,-0.019
,Upper 95% CI,,0.171
,Lower 95% CI,,-0.208
L_OFC.10,Pearson's r,,-0.02
,Upper 95% CI,,0.173
,Lower 95% CI,,-0.212
R_OFC.10,Pearson's r,,-0.038
,Upper 95% CI,,0.157
,Lower 95% CI,,-0.228
L_VS.1,Pearson's r,,0.018
,Upper 95% CI,,0.207
,Lower 95% CI,,-0.173
R_VS.1,Pearson's r,,0.053
,Upper 95% CI,,0.24
,Lower 95% CI,,-0.139
L_VS.2,Pearson's r,,0.023
,Upper 95% CI,,0.212
,Lower 95% CI,,-0.168
R_VS.2,Pearson's r,,0.115
,Upper 95% CI,,0.297
,Lower 95% CI,,-0.078
L_VS.3,Pearson's r,,0.043
,Upper 95% CI,,0.23
,Lower 95% CI,,-0.149
R_VS.3,Pearson's r,,0.136
,Upper 95% CI,,0.316
,Lower 95% CI,,-0.057
L_VS.4,Pearson's r,,0.016
,Upper 95% CI,,0.205
,Lower 95% CI,,-0.175
R_VS.4,Pearson's r,,0.122
,Upper 95% CI,,0.304
,Lower 95% CI,,-0.071
L_VS.5,Pearson's r,,-0.126
,Upper 95% CI,,0.068
,Lower 95% CI,,-0.307
R_VS.5,Pearson's r,,-0.018
,Upper 95% CI,,0.173
,Lower 95% CI,,-0.207
L_VS.6,Pearson's r,,0.088
,Upper 95% CI,,0.275
,Lower 95% CI,,-0.108
R_VS.6,Pearson's r,,0.013
,Upper 95% CI,,0.205
,Lower 95% CI,,-0.18
L_VS.7,Pearson's r,,0.014
,Upper 95% CI,,0.206
,Lower 95% CI,,-0.18
R_VS.7,Pearson's r,,0.007
,Upper 95% CI,,0.199
,Lower 95% CI,,-0.186
L_VS.8,Pearson's r,,-0.002
,Upper 95% CI,,0.188
,Lower 95% CI,,-0.192
R_VS.8,Pearson's r,,0.043
,Upper 95% CI,,0.231
,Lower 95% CI,,-0.148
L_VS.9,Pearson's r,,-0.089
,Upper 95% CI,,0.104
,Lower 95% CI,,-0.273
R_VS.9,Pearson's r,,0.005
,Upper 95% CI,,0.195
,Lower 95% CI,,-0.185
L_VS.10,Pearson's r,,0.024
,Upper 95% CI,,0.215
,Lower 95% CI,,-0.17
R_VS.10,Pearson's r,,-0.008
,Upper 95% CI,,0.185
,Lower 95% CI,,-0.2
