ACC1,Pearson's r,,0.035
,Upper 95% CI,,0.223
,Lower 95% CI,,-0.157
ACC.2,Pearson's r,,0.054
,Upper 95% CI,,0.241
,Lower 95% CI,,-0.138
ACC.3,Pearson's r,,0.048
,Upper 95% CI,,0.236
,Lower 95% CI,,-0.144
ACC.4,Pearson's r,,0.011
,Upper 95% CI,,0.2
,Lower 95% CI,,-0.179
ACC.5,Pearson's r,,-0.081
,Upper 95% CI,,0.112
,Lower 95% CI,,-0.266
ACC.6,Pearson's r,,-0.089
,Upper 95% CI,,0.107
,Lower 95% CI,,-0.276
ACC.7,Pearson's r,,0.073
,Upper 95% CI,,0.261
,Lower 95% CI,,-0.122
ACC.8,Pearson's r,,-0.015
,Upper 95% CI,,0.176
,Lower 95% CI,,-0.204
ACC.9,Pearson's r,,-0.007
,Upper 95% CI,,0.184
,Lower 95% CI,,-0.196
ACC.10,Pearson's r,,0.037
,Upper 95% CI,,0.228
,Lower 95% CI,,-0.157
vmPFC.1,Pearson's r,,-0.068
,Upper 95% CI,,0.125
,Lower 95% CI,,-0.254
vmPFC.2,Pearson's r,,-0.064
,Upper 95% CI,,0.129
,Lower 95% CI,,-0.25
vmPFC.3,Pearson's r,,-0.007
,Upper 95% CI,,0.183
,Lower 95% CI,,-0.197
vmPFC.4,Pearson's r,,-0.025
,Upper 95% CI,,0.166
,Lower 95% CI,,-0.213
vmPFC.5,Pearson's r,,-0.046
,Upper 95% CI,,0.146
,Lower 95% CI,,-0.233
vmPFC.6,Pearson's r,,0.17
,Upper 95% CI,,0.349
,Lower 95% CI,,-0.026
vmPFC.7,Pearson's r,,0.041
,Upper 95% CI,,0.231
,Lower 95% CI,,-0.154
vmPFC.8,Pearson's r,,0.079
,Upper 95% CI,,0.264
,Lower 95% CI,,-0.114
vmPFC.9,Pearson's r,,-0.083
,Upper 95% CI,,0.11
,Lower 95% CI,,-0.268
vmPFC.10,Pearson's r,,0.013
,Upper 95% CI,,0.205
,Lower 95% CI,,-0.18
L_Insula.1,Pearson's r,,-0.032
,Upper 95% CI,,0.159
,Lower 95% CI,,-0.22
R_Insula.1,Pearson's r,,-0.073
,Upper 95% CI,,0.119
,Lower 95% CI,,-0.259
L_Insula.2,Pearson's r,,-0.043
,Upper 95% CI,,0.149
,Lower 95% CI,,-0.231
R_Insula.2,Pearson's r,,-0.05
,Upper 95% CI,,0.142
,Lower 95% CI,,-0.237
L_Insula.3,Pearson's r,,-0.044
,Upper 95% CI,,0.148
,Lower 95% CI,,-0.231
R_Insula.3,Pearson's r,,0.013
,Upper 95% CI,,0.202
,Lower 95% CI,,-0.178
L_Insula.4,Pearson's r,,-0.065
,Upper 95% CI,,0.128
,Lower 95% CI,,-0.251
R_Insula.4,Pearson's r,,0.044
,Upper 95% CI,,0.231
,Lower 95% CI,,-0.148
L_Insula.5,Pearson's r,,-0.084
,Upper 95% CI,,0.109
,Lower 95% CI,,-0.268
R_Insula.5,Pearson's r,,-0.127
,Upper 95% CI,,0.067
,Lower 95% CI,,-0.308
L_Insula.6,Pearson's r,,-0.103
,Upper 95% CI,,0.093
,Lower 95% CI,,-0.289
R_Insula.6,Pearson's r,,-0.136
,Upper 95% CI,,0.061
,Lower 95% CI,,-0.318
L_Insula.7,Pearson's r,,0.06
,Upper 95% CI,,0.249
,Lower 95% CI,,-0.135
R_Insula.7,Pearson's r,,0.067
,Upper 95% CI,,0.256
,Lower 95% CI,,-0.128
L_Insula.8,Pearson's r,,0.058
,Upper 95% CI,,0.245
,Lower 95% CI,,-0.134
R_Insula.8,Pearson's r,,-0.001
,Upper 95% CI,,0.189
,Lower 95% CI,,-0.191
L_Insula.9,Pearson's r,,0.108
,Upper 95% CI,,0.291
,Lower 95% CI,,-0.085
R_Insula.9,Pearson's r,,0.025
,Upper 95% CI,,0.214
,Lower 95% CI,,-0.166
L_Insula.10,Pearson's r,,-0.096
,Upper 95% CI,,0.1
,Lower 95% CI,,-0.283
R_Insula.10,Pearson's r,,-0.029
,Upper 95% CI,,0.165
,Lower 95% CI,,-0.22
L_OFC.1,Pearson's r,,-0.121
,Upper 95% CI,,0.072
,Lower 95% CI,,-0.303
R_OFC.1,Pearson's r,,0.042
,Upper 95% CI,,0.229
,Lower 95% CI,,-0.15
L_OFC.2,Pearson's r,,-0.063
,Upper 95% CI,,0.129
,Lower 95% CI,,-0.249
R_OFC.2,Pearson's r,,0.025
,Upper 95% CI,,0.213
,Lower 95% CI,,-0.167
L_OFC.3,Pearson's r,,0.033
,Upper 95% CI,,0.221
,Lower 95% CI,,-0.159
R_OFC.3,Pearson's r,,-0.06
,Upper 95% CI,,0.133
,Lower 95% CI,,-0.246
L_OFC.4,Pearson's r,,-0.093
,Upper 95% CI,,0.1
,Lower 95% CI,,-0.277
R_OFC.4,Pearson's r,,-0.106
,Upper 95% CI,,0.087
,Lower 95% CI,,-0.289
L_OFC.5,Pearson's r,,-0.223
,Upper 95% CI,,-0.031
,Lower 95% CI,,-0.394
R_OFC.5,Pearson's r,,-0.092
,Upper 95% CI,,0.101
,Lower 95% CI,,-0.276
L_OFC.6,Pearson's r,,-0.02
,Upper 95% CI,,0.173
,Lower 95% CI,,-0.212
R_OFC.6,Pearson's r,,0.082
,Upper 95% CI,,0.269
,Lower 95% CI,,-0.114
L_OFC.7,Pearson's r,,0.151
,Upper 95% CI,,0.332
,Lower 95% CI,,-0.045
R_OFC.7,Pearson's r,,0.113
,Upper 95% CI,,0.298
,Lower 95% CI,,-0.083
L_OFC.8,Pearson's r,,-0.011
,Upper 95% CI,,0.179
,Lower 95% CI,,-0.201
R_OFC.8,Pearson's r,,-0.113
,Upper 95% CI,,0.08
,Lower 95% CI,,-0.295
L_OFC.9,Pearson's r,,0.012
,Upper 95% CI,,0.201
,Lower 95% CI,,-0.178
R_OFC.9,Pearson's r,,-0.085
,Upper 95% CI,,0.108
,Lower 95% CI,,-0.27
L_OFC.10,Pearson's r,,-0.211
,Upper 95% CI,,-0.016
,Lower 95% CI,,-0.385
R_OFC.10,Pearson's r,,-0.168
,Upper 95% CI,,0.029
,Lower 95% CI,,-0.347
L_VS.1,Pearson's r,,-0.008
,Upper 95% CI,,0.182
,Lower 95% CI,,-0.198
R_VS.1,Pearson's r,,-0.085
,Upper 95% CI,,0.108
,Lower 95% CI,,-0.269
L_VS.2,Pearson's r,,-0.029
,Upper 95% CI,,0.162
,Lower 95% CI,,-0.218
R_VS.2,Pearson's r,,0.004
,Upper 95% CI,,0.194
,Lower 95% CI,,-0.186
L_VS.3,Pearson's r,,-0.032
,Upper 95% CI,,0.16
,Lower 95% CI,,-0.22
R_VS.3,Pearson's r,,0.122
,Upper 95% CI,,0.303
,Lower 95% CI,,-0.072
L_VS.4,Pearson's r,,-0.021
,Upper 95% CI,,0.17
,Lower 95% CI,,-0.21
R_VS.4,Pearson's r,,-0.009
,Upper 95% CI,,0.182
,Lower 95% CI,,-0.198
L_VS.5,Pearson's r,,-0.101
,Upper 95% CI,,0.092
,Lower 95% CI,,-0.284
R_VS.5,Pearson's r,,-0.087
,Upper 95% CI,,0.106
,Lower 95% CI,,-0.272
L_VS.6,Pearson's r,,0.041
,Upper 95% CI,,0.231
,Lower 95% CI,,-0.154
R_VS.6,Pearson's r,,0.094
,Upper 95% CI,,0.28
,Lower 95% CI,,-0.102
L_VS.7,Pearson's r,,-0.019
,Upper 95% CI,,0.175
,Lower 95% CI,,-0.21
R_VS.7,Pearson's r,,-0.04
,Upper 95% CI,,0.155
,Lower 95% CI,,-0.23
L_VS.8,Pearson's r,,-0.066
,Upper 95% CI,,0.126
,Lower 95% CI,,-0.252
R_VS.8,Pearson's r,,0.084
,Upper 95% CI,,0.269
,Lower 95% CI,,-0.109
L_VS.9,Pearson's r,,0.006
,Upper 95% CI,,0.195
,Lower 95% CI,,-0.185
R_VS.9,Pearson's r,,0.102
,Upper 95% CI,,0.285
,Lower 95% CI,,-0.091
L_VS.10,Pearson's r,,-0.061
,Upper 95% CI,,0.134
,Lower 95% CI,,-0.25
R_VS.10,Pearson's r,,-0.068
,Upper 95% CI,,0.127
,Lower 95% CI,,-0.256
