ACC1,Pearson's r,,-0.071
,Upper 95% CI,,0.122
,Lower 95% CI,,-0.257
ACC.2,Pearson's r,,-0.094
,Upper 95% CI,,0.099
,Lower 95% CI,,-0.278
ACC.3,Pearson's r,,-0.055
,Upper 95% CI,,0.137
,Lower 95% CI,,-0.242
ACC.4,Pearson's r,,-0.006
,Upper 95% CI,,0.184
,Lower 95% CI,,-0.196
ACC.5,Pearson's r,,-0.045
,Upper 95% CI,,0.146
,Lower 95% CI,,-0.233
ACC.6,Pearson's r,,0.012
,Upper 95% CI,,0.204
,Lower 95% CI,,-0.182
ACC.7,Pearson's r,,0.001
,Upper 95% CI,,0.193
,Lower 95% CI,,-0.192
ACC.8,Pearson's r,,0.021
,Upper 95% CI,,0.209
,Lower 95% CI,,-0.17
ACC.9,Pearson's r,,0.076
,Upper 95% CI,,0.261
,Lower 95% CI,,-0.117
ACC.10,Pearson's r,,0.134
,Upper 95% CI,,0.317
,Lower 95% CI,,-0.063
vmPFC.1,Pearson's r,,-0.083
,Upper 95% CI,,0.11
,Lower 95% CI,,-0.268
vmPFC.2,Pearson's r,,-0.038
,Upper 95% CI,,0.154
,Lower 95% CI,,-0.225
vmPFC.3,Pearson's r,,0.032
,Upper 95% CI,,0.221
,Lower 95% CI,,-0.159
vmPFC.4,Pearson's r,,-0.022
,Upper 95% CI,,0.169
,Lower 95% CI,,-0.211
vmPFC.5,Pearson's r,,-0.128
,Upper 95% CI,,0.065
,Lower 95% CI,,-0.309
vmPFC.6,Pearson's r,,0.146
,Upper 95% CI,,0.327
,Lower 95% CI,,-0.051
vmPFC.7,Pearson's r,,0.042
,Upper 95% CI,,0.232
,Lower 95% CI,,-0.153
vmPFC.8,Pearson's r,,0.025
,Upper 95% CI,,0.214
,Lower 95% CI,,-0.166
vmPFC.9,Pearson's r,,0.063
,Upper 95% CI,,0.25
,Lower 95% CI,,-0.129
vmPFC.10,Pearson's r,,0.002
,Upper 95% CI,,0.195
,Lower 95% CI,,-0.191
L_Insula.1,Pearson's r,,-0.111
,Upper 95% CI,,0.083
,Lower 95% CI,,-0.293
R_Insula.1,Pearson's r,,-0.189
,Upper 95% CI,,0.004
,Lower 95% CI,,-0.363
L_Insula.2,Pearson's r,,-0.192
,Upper 95% CI,,0.001
,Lower 95% CI,,-0.366
R_Insula.2,Pearson's r,,-0.144
,Upper 95% CI,,0.049
,Lower 95% CI,,-0.323
L_Insula.3,Pearson's r,,-0.157
,Upper 95% CI,,0.037
,Lower 95% CI,,-0.335
R_Insula.3,Pearson's r,,0.015
,Upper 95% CI,,0.204
,Lower 95% CI,,-0.175
L_Insula.4,Pearson's r,,-0.161
,Upper 95% CI,,0.032
,Lower 95% CI,,-0.339
R_Insula.4,Pearson's r,,-0.101
,Upper 95% CI,,0.093
,Lower 95% CI,,-0.284
L_Insula.5,Pearson's r,,-0.026
,Upper 95% CI,,0.165
,Lower 95% CI,,-0.215
R_Insula.5,Pearson's r,,-0.124
,Upper 95% CI,,0.07
,Lower 95% CI,,-0.305
L_Insula.6,Pearson's r,,-0.044
,Upper 95% CI,,0.15
,Lower 95% CI,,-0.234
R_Insula.6,Pearson's r,,0.02
,Upper 95% CI,,0.211
,Lower 95% CI,,-0.174
L_Insula.7,Pearson's r,,0.056
,Upper 95% CI,,0.246
,Lower 95% CI,,-0.139
R_Insula.7,Pearson's r,,0.202
,Upper 95% CI,,0.377
,Lower 95% CI,,0.006
L_Insula.8,Pearson's r,,0
,Upper 95% CI,,0.19
,Lower 95% CI,,-0.19
R_Insula.8,Pearson's r,,0.174
,Upper 95% CI,,0.35
,Lower 95% CI,,-0.019
L_Insula.9,Pearson's r,,0.008
,Upper 95% CI,,0.198
,Lower 95% CI,,-0.182
R_Insula.9,Pearson's r,,0.077
,Upper 95% CI,,0.262
,Lower 95% CI,,-0.116
L_Insula.10,Pearson's r,,-0.097
,Upper 95% CI,,0.099
,Lower 95% CI,,-0.283
R_Insula.10,Pearson's r,,0.071
,Upper 95% CI,,0.259
,Lower 95% CI,,-0.125
L_OFC.1,Pearson's r,,-0.071
,Upper 95% CI,,0.122
,Lower 95% CI,,-0.257
R_OFC.1,Pearson's r,,-0.098
,Upper 95% CI,,0.095
,Lower 95% CI,,-0.282
L_OFC.2,Pearson's r,,-0.059
,Upper 95% CI,,0.134
,Lower 95% CI,,-0.245
R_OFC.2,Pearson's r,,-0.172
,Upper 95% CI,,0.021
,Lower 95% CI,,-0.348
L_OFC.3,Pearson's r,,-0.013
,Upper 95% CI,,0.178
,Lower 95% CI,,-0.202
R_OFC.3,Pearson's r,,-0.162
,Upper 95% CI,,0.032
,Lower 95% CI,,-0.339
L_OFC.4,Pearson's r,,-0.088
,Upper 95% CI,,0.105
,Lower 95% CI,,-0.273
R_OFC.4,Pearson's r,,-0.171
,Upper 95% CI,,0.022
,Lower 95% CI,,-0.348
L_OFC.5,Pearson's r,,-0.074
,Upper 95% CI,,0.118
,Lower 95% CI,,-0.26
R_OFC.5,Pearson's r,,-0.048
,Upper 95% CI,,0.144
,Lower 95% CI,,-0.235
L_OFC.6,Pearson's r,,-0.055
,Upper 95% CI,,0.14
,Lower 95% CI,,-0.244
R_OFC.6,Pearson's r,,0.127
,Upper 95% CI,,0.31
,Lower 95% CI,,-0.069
L_OFC.7,Pearson's r,,0.06
,Upper 95% CI,,0.249
,Lower 95% CI,,-0.135
R_OFC.7,Pearson's r,,0.127
,Upper 95% CI,,0.31
,Lower 95% CI,,-0.07
L_OFC.8,Pearson's r,,0.051
,Upper 95% CI,,0.238
,Lower 95% CI,,-0.141
R_OFC.8,Pearson's r,,-0.14
,Upper 95% CI,,0.054
,Lower 95% CI,,-0.319
L_OFC.9,Pearson's r,,-0.034
,Upper 95% CI,,0.158
,Lower 95% CI,,-0.222
R_OFC.9,Pearson's r,,0.057
,Upper 95% CI,,0.244
,Lower 95% CI,,-0.135
L_OFC.10,Pearson's r,,-0.091
,Upper 95% CI,,0.104
,Lower 95% CI,,-0.278
R_OFC.10,Pearson's r,,-0.093
,Upper 95% CI,,0.103
,Lower 95% CI,,-0.279
L_VS.1,Pearson's r,,-0.086
,Upper 95% CI,,0.107
,Lower 95% CI,,-0.271
R_VS.1,Pearson's r,,-0.133
,Upper 95% CI,,0.061
,Lower 95% CI,,-0.313
L_VS.2,Pearson's r,,-0.097
,Upper 95% CI,,0.096
,Lower 95% CI,,-0.28
R_VS.2,Pearson's r,,-0.054
,Upper 95% CI,,0.138
,Lower 95% CI,,-0.241
L_VS.3,Pearson's r,,-0.002
,Upper 95% CI,,0.188
,Lower 95% CI,,-0.192
R_VS.3,Pearson's r,,0.099
,Upper 95% CI,,0.282
,Lower 95% CI,,-0.094
L_VS.4,Pearson's r,,-0.134
,Upper 95% CI,,0.06
,Lower 95% CI,,-0.314
R_VS.4,Pearson's r,,0.01
,Upper 95% CI,,0.199
,Lower 95% CI,,-0.181
L_VS.5,Pearson's r,,-0.025
,Upper 95% CI,,0.166
,Lower 95% CI,,-0.213
R_VS.5,Pearson's r,,-0.024
,Upper 95% CI,,0.167
,Lower 95% CI,,-0.212
L_VS.6,Pearson's r,,0.064
,Upper 95% CI,,0.253
,Lower 95% CI,,-0.131
R_VS.6,Pearson's r,,0.131
,Upper 95% CI,,0.314
,Lower 95% CI,,-0.066
L_VS.7,Pearson's r,,0.053
,Upper 95% CI,,0.242
,Lower 95% CI,,-0.142
R_VS.7,Pearson's r,,0.143
,Upper 95% CI,,0.325
,Lower 95% CI,,-0.054
L_VS.8,Pearson's r,,0.048
,Upper 95% CI,,0.235
,Lower 95% CI,,-0.144
R_VS.8,Pearson's r,,0.209
,Upper 95% CI,,0.381
,Lower 95% CI,,0.016
L_VS.9,Pearson's r,,0.077
,Upper 95% CI,,0.262
,Lower 95% CI,,-0.116
R_VS.9,Pearson's r,,0.152
,Upper 95% CI,,0.33
,Lower 95% CI,,-0.042
L_VS.10,Pearson's r,,0.055
,Upper 95% CI,,0.244
,Lower 95% CI,,-0.14
R_VS.10,Pearson's r,,0.033
,Upper 95% CI,,0.224
,Lower 95% CI,,-0.161
