﻿ACC1,Pearson's r,,0.018
,Upper 95% CI,,0.207
,Lower 95% CI,,-0.173
ACC.2,Pearson's r,,-0.046
,Upper 95% CI,,0.146
,Lower 95% CI,,-0.234
ACC.3,Pearson's r,,-0.121
,Upper 95% CI,,0.073
,Lower 95% CI,,-0.302
ACC.4,Pearson's r,,-0.065
,Upper 95% CI,,0.128
,Lower 95% CI,,-0.251
ACC.5,Pearson's r,,0.018
,Upper 95% CI,,0.207
,Lower 95% CI,,-0.173
ACC.6,Pearson's r,,-0.011
,Upper 95% CI,,0.182
,Lower 95% CI,,-0.203
ACC.7,Pearson's r,,0.062
,Upper 95% CI,,0.251
,Lower 95% CI,,-0.133
ACC.8,Pearson's r,,-0.15
,Upper 95% CI,,0.044
,Lower 95% CI,,-0.329
ACC.9,Pearson's r,,-0.094
,Upper 95% CI,,0.1
,Lower 95% CI,,-0.277
ACC.10,Pearson's r,,0.075
,Upper 95% CI,,0.263
,Lower 95% CI,,-0.12
vmPFC.1,Pearson's r,,0.054
,Upper 95% CI,,0.241
,Lower 95% CI,,-0.138
vmPFC.2,Pearson's r,,0.051
,Upper 95% CI,,0.238
,Lower 95% CI,,-0.141
vmPFC.3,Pearson's r,,-0.006
,Upper 95% CI,,0.184
,Lower 95% CI,,-0.196
vmPFC.4,Pearson's r,,-0.105
,Upper 95% CI,,0.088
,Lower 95% CI,,-0.288
vmPFC.5,Pearson's r,,0.019
,Upper 95% CI,,0.208
,Lower 95% CI,,-0.171
vmPFC.6,Pearson's r,,0.106
,Upper 95% CI,,0.292
,Lower 95% CI,,-0.09
vmPFC.7,Pearson's r,,0.162
,Upper 95% CI,,0.342
,Lower 95% CI,,-0.034
vmPFC.8,Pearson's r,,-0.069
,Upper 95% CI,,0.123
,Lower 95% CI,,-0.255
vmPFC.9,Pearson's r,,-0.067
,Upper 95% CI,,0.126
,Lower 95% CI,,-0.253
vmPFC.10,Pearson's r,,0.015
,Upper 95% CI,,0.207
,Lower 95% CI,,-0.179
L_Insula.1,Pearson's r,,0.046
,Upper 95% CI,,0.233
,Lower 95% CI,,-0.146
R_Insula.1,Pearson's r,,-0.082
,Upper 95% CI,,0.111
,Lower 95% CI,,-0.266
L_Insula.2,Pearson's r,,-0.117
,Upper 95% CI,,0.076
,Lower 95% CI,,-0.299
R_Insula.2,Pearson's r,,-0.119
,Upper 95% CI,,0.074
,Lower 95% CI,,-0.301
L_Insula.3,Pearson's r,,-0.263
,Upper 95% CI,,-0.073
,Lower 95% CI,,-0.429
R_Insula.3,Pearson's r,,-0.128
,Upper 95% CI,,0.065
,Lower 95% CI,,-0.309
L_Insula.4,Pearson's r,,-0.172
,Upper 95% CI,,0.021
,Lower 95% CI,,-0.348
R_Insula.4,Pearson's r,,-0.123
,Upper 95% CI,,0.071
,Lower 95% CI,,-0.304
L_Insula.5,Pearson's r,,0.051
,Upper 95% CI,,0.238
,Lower 95% CI,,-0.141
R_Insula.5,Pearson's r,,-0.011
,Upper 95% CI,,0.179
,Lower 95% CI,,-0.201
L_Insula.6,Pearson's r,,-0.039
,Upper 95% CI,,0.156
,Lower 95% CI,,-0.229
R_Insula.6,Pearson's r,,-0.004
,Upper 95% CI,,0.189
,Lower 95% CI,,-0.196
L_Insula.7,Pearson's r,,0.112
,Upper 95% CI,,0.297
,Lower 95% CI,,-0.084
R_Insula.7,Pearson's r,,0.143
,Upper 95% CI,,0.325
,Lower 95% CI,,-0.053
L_Insula.8,Pearson's r,,-0.216
,Upper 95% CI,,-0.023
,Lower 95% CI,,-0.387
R_Insula.8,Pearson's r,,-0.055
,Upper 95% CI,,0.138
,Lower 95% CI,,-0.241
L_Insula.9,Pearson's r,,-0.032
,Upper 95% CI,,0.159
,Lower 95% CI,,-0.22
R_Insula.9,Pearson's r,,0.096
,Upper 95% CI,,0.279
,Lower 95% CI,,-0.097
L_Insula.10,Pearson's r,,-0.045
,Upper 95% CI,,0.149
,Lower 95% CI,,-0.235
R_Insula.10,Pearson's r,,0.026
,Upper 95% CI,,0.217
,Lower 95% CI,,-0.168
L_OFC.1,Pearson's r,,-0.021
,Upper 95% CI,,0.17
,Lower 95% CI,,-0.21
R_OFC.1,Pearson's r,,-0.152
,Upper 95% CI,,0.042
,Lower 95% CI,,-0.33
L_OFC.2,Pearson's r,,0.003
,Upper 95% CI,,0.193
,Lower 95% CI,,-0.187
R_OFC.2,Pearson's r,,-0.205
,Upper 95% CI,,-0.012
,Lower 95% CI,,-0.378
L_OFC.3,Pearson's r,,0.027
,Upper 95% CI,,0.216
,Lower 95% CI,,-0.164
R_OFC.3,Pearson's r,,-0.153
,Upper 95% CI,,0.04
,Lower 95% CI,,-0.331
L_OFC.4,Pearson's r,,-0.13
,Upper 95% CI,,0.064
,Lower 95% CI,,-0.31
R_OFC.4,Pearson's r,,-0.236
,Upper 95% CI,,-0.045
,Lower 95% CI,,-0.405
L_OFC.5,Pearson's r,,0.009
,Upper 95% CI,,0.198
,Lower 95% CI,,-0.181
R_OFC.5,Pearson's r,,-0.119
,Upper 95% CI,,0.074
,Lower 95% CI,,-0.301
L_OFC.6,Pearson's r,,0.09
,Upper 95% CI,,0.277
,Lower 95% CI,,-0.106
R_OFC.6,Pearson's r,,0.037
,Upper 95% CI,,0.228
,Lower 95% CI,,-0.157
L_OFC.7,Pearson's r,,0.177
,Upper 95% CI,,0.356
,Lower 95% CI,,-0.019
R_OFC.7,Pearson's r,,0.092
,Upper 95% CI,,0.278
,Lower 95% CI,,-0.104
L_OFC.8,Pearson's r,,0.019
,Upper 95% CI,,0.208
,Lower 95% CI,,-0.172
R_OFC.8,Pearson's r,,-0.062
,Upper 95% CI,,0.13
,Lower 95% CI,,-0.249
L_OFC.9,Pearson's r,,0.008
,Upper 95% CI,,0.198
,Lower 95% CI,,-0.182
R_OFC.9,Pearson's r,,0.044
,Upper 95% CI,,0.231
,Lower 95% CI,,-0.148
L_OFC.10,Pearson's r,,0.008
,Upper 95% CI,,0.2
,Lower 95% CI,,-0.185
R_OFC.10,Pearson's r,,0.093
,Upper 95% CI,,0.28
,Lower 95% CI,,-0.103
L_VS.1,Pearson's r,,-0.059
,Upper 95% CI,,0.134
,Lower 95% CI,,-0.245
R_VS.1,Pearson's r,,-0.006
,Upper 95% CI,,0.184
,Lower 95% CI,,-0.196
L_VS.2,Pearson's r,,-0.036
,Upper 95% CI,,0.155
,Lower 95% CI,,-0.224
R_VS.2,Pearson's r,,0.026
,Upper 95% CI,,0.214
,Lower 95% CI,,-0.165
L_VS.3,Pearson's r,,0.048
,Upper 95% CI,,0.235
,Lower 95% CI,,-0.144
R_VS.3,Pearson's r,,0.076
,Upper 95% CI,,0.261
,Lower 95% CI,,-0.117
L_VS.4,Pearson's r,,-0.117
,Upper 95% CI,,0.076
,Lower 95% CI,,-0.299
R_VS.4,Pearson's r,,0.017
,Upper 95% CI,,0.206
,Lower 95% CI,,-0.174
L_VS.5,Pearson's r,,-0.074
,Upper 95% CI,,0.118
,Lower 95% CI,,-0.26
R_VS.5,Pearson's r,,-0.06
,Upper 95% CI,,0.133
,Lower 95% CI,,-0.246
L_VS.6,Pearson's r,,0.047
,Upper 95% CI,,0.237
,Lower 95% CI,,-0.148
R_VS.6,Pearson's r,,0.105
,Upper 95% CI,,0.29
,Lower 95% CI,,-0.091
L_VS.7,Pearson's r,,0.072
,Upper 95% CI,,0.26
,Lower 95% CI,,-0.124
R_VS.7,Pearson's r,,0.119
,Upper 95% CI,,0.303
,Lower 95% CI,,-0.077
L_VS.8,Pearson's r,,-0.062
,Upper 95% CI,,0.13
,Lower 95% CI,,-0.248
R_VS.8,Pearson's r,,0
,Upper 95% CI,,0.19
,Lower 95% CI,,-0.19
L_VS.9,Pearson's r,,-0.103
,Upper 95% CI,,0.091
,Lower 95% CI,,-0.286
R_VS.9,Pearson's r,,-0.044
,Upper 95% CI,,0.148
,Lower 95% CI,,-0.231
L_VS.10,Pearson's r,,0.203
,Upper 95% CI,,0.378
,Lower 95% CI,,0.007
R_VS.10,Pearson's r,,0.124
,Upper 95% CI,,0.307
,Lower 95% CI,,-0.073
