﻿ACC1,Pearson's r,,0.072
,Upper 95% CI,,0.257
,Lower 95% CI,,-0.121
ACC.2,Pearson's r,,0.014
,Upper 95% CI,,0.203
,Lower 95% CI,,-0.177
ACC.3,Pearson's r,,-0.042
,Upper 95% CI,,0.15
,Lower 95% CI,,-0.229
ACC.4,Pearson's r,,0
,Upper 95% CI,,0.19
,Lower 95% CI,,-0.19
ACC.5,Pearson's r,,0.011
,Upper 95% CI,,0.201
,Lower 95% CI,,-0.179
ACC.6,Pearson's r,,0.052
,Upper 95% CI,,0.242
,Lower 95% CI,,-0.142
ACC.7,Pearson's r,,-0.08
,Upper 95% CI,,0.115
,Lower 95% CI,,-0.268
ACC.8,Pearson's r,,-0.081
,Upper 95% CI,,0.112
,Lower 95% CI,,-0.266
ACC.9,Pearson's r,,0.082
,Upper 95% CI,,0.267
,Lower 95% CI,,-0.111
ACC.10,Pearson's r,,0.125
,Upper 95% CI,,0.309
,Lower 95% CI,,-0.071
vmPFC.1,Pearson's r,,0.132
,Upper 95% CI,,0.312
,Lower 95% CI,,-0.062
vmPFC.2,Pearson's r,,0.117
,Upper 95% CI,,0.299
,Lower 95% CI,,-0.077
vmPFC.3,Pearson's r,,0.039
,Upper 95% CI,,0.226
,Lower 95% CI,,-0.153
vmPFC.4,Pearson's r,,0.064
,Upper 95% CI,,0.25
,Lower 95% CI,,-0.129
vmPFC.5,Pearson's r,,-0.122
,Upper 95% CI,,0.072
,Lower 95% CI,,-0.303
vmPFC.6,Pearson's r,,0.109
,Upper 95% CI,,0.294
,Lower 95% CI,,-0.087
vmPFC.7,Pearson's r,,0.01
,Upper 95% CI,,0.203
,Lower 95% CI,,-0.183
vmPFC.8,Pearson's r,,-0.105
,Upper 95% CI,,0.088
,Lower 95% CI,,-0.288
vmPFC.9,Pearson's r,,-0.002
,Upper 95% CI,,0.188
,Lower 95% CI,,-0.192
vmPFC.10,Pearson's r,,0.092
,Upper 95% CI,,0.278
,Lower 95% CI,,-0.104
L_Insula.1,Pearson's r,,-0.054
,Upper 95% CI,,0.138
,Lower 95% CI,,-0.241
R_Insula.1,Pearson's r,,-0.07
,Upper 95% CI,,0.123
,Lower 95% CI,,-0.255
L_Insula.2,Pearson's r,,-0.13
,Upper 95% CI,,0.064
,Lower 95% CI,,-0.31
R_Insula.2,Pearson's r,,-0.034
,Upper 95% CI,,0.157
,Lower 95% CI,,-0.222
L_Insula.3,Pearson's r,,-0.111
,Upper 95% CI,,0.083
,Lower 95% CI,,-0.293
R_Insula.3,Pearson's r,,0.068
,Upper 95% CI,,0.254
,Lower 95% CI,,-0.125
L_Insula.4,Pearson's r,,-0.123
,Upper 95% CI,,0.071
,Lower 95% CI,,-0.304
R_Insula.4,Pearson's r,,0.078
,Upper 95% CI,,0.263
,Lower 95% CI,,-0.115
L_Insula.5,Pearson's r,,0.003
,Upper 95% CI,,0.193
,Lower 95% CI,,-0.187
R_Insula.5,Pearson's r,,-0.019
,Upper 95% CI,,0.172
,Lower 95% CI,,-0.208
L_Insula.6,Pearson's r,,-0.107
,Upper 95% CI,,0.089
,Lower 95% CI,,-0.292
R_Insula.6,Pearson's r,,-0.063
,Upper 95% CI,,0.132
,Lower 95% CI,,-0.252
L_Insula.7,Pearson's r,,-0.086
,Upper 95% CI,,0.109
,Lower 95% CI,,-0.273
R_Insula.7,Pearson's r,,0.083
,Upper 95% CI,,0.271
,Lower 95% CI,,-0.112
L_Insula.8,Pearson's r,,-0.016
,Upper 95% CI,,0.175
,Lower 95% CI,,-0.205
R_Insula.8,Pearson's r,,0.091
,Upper 95% CI,,0.275
,Lower 95% CI,,-0.102
L_Insula.9,Pearson's r,,-0.01
,Upper 95% CI,,0.18
,Lower 95% CI,,-0.2
R_Insula.9,Pearson's r,,0.044
,Upper 95% CI,,0.232
,Lower 95% CI,,-0.147
L_Insula.10,Pearson's r,,0.05
,Upper 95% CI,,0.239
,Lower 95% CI,,-0.145
R_Insula.10,Pearson's r,,0.231
,Upper 95% CI,,0.403
,Lower 95% CI,,0.036
L_OFC.1,Pearson's r,,0.117
,Upper 95% CI,,0.299
,Lower 95% CI,,-0.076
R_OFC.1,Pearson's r,,0.11
,Upper 95% CI,,0.292
,Lower 95% CI,,-0.083
L_OFC.2,Pearson's r,,0.161
,Upper 95% CI,,0.339
,Lower 95% CI,,-0.032
R_OFC.2,Pearson's r,,0.104
,Upper 95% CI,,0.287
,Lower 95% CI,,-0.089
L_OFC.3,Pearson's r,,0.124
,Upper 95% CI,,0.305
,Lower 95% CI,,-0.069
R_OFC.3,Pearson's r,,0.035
,Upper 95% CI,,0.223
,Lower 95% CI,,-0.156
L_OFC.4,Pearson's r,,0.017
,Upper 95% CI,,0.206
,Lower 95% CI,,-0.174
R_OFC.4,Pearson's r,,-0.095
,Upper 95% CI,,0.098
,Lower 95% CI,,-0.279
L_OFC.5,Pearson's r,,-0.018
,Upper 95% CI,,0.173
,Lower 95% CI,,-0.207
R_OFC.5,Pearson's r,,0.048
,Upper 95% CI,,0.235
,Lower 95% CI,,-0.144
L_OFC.6,Pearson's r,,0.059
,Upper 95% CI,,0.248
,Lower 95% CI,,-0.136
R_OFC.6,Pearson's r,,0.076
,Upper 95% CI,,0.264
,Lower 95% CI,,-0.12
L_OFC.7,Pearson's r,,-0.024
,Upper 95% CI,,0.17
,Lower 95% CI,,-0.215
R_OFC.7,Pearson's r,,-0.1
,Upper 95% CI,,0.096
,Lower 95% CI,,-0.286
L_OFC.8,Pearson's r,,-0.025
,Upper 95% CI,,0.166
,Lower 95% CI,,-0.213
R_OFC.8,Pearson's r,,-0.097
,Upper 95% CI,,0.096
,Lower 95% CI,,-0.28
L_OFC.9,Pearson's r,,-0.037
,Upper 95% CI,,0.154
,Lower 95% CI,,-0.225
R_OFC.9,Pearson's r,,0.003
,Upper 95% CI,,0.193
,Lower 95% CI,,-0.187
L_OFC.10,Pearson's r,,-0.034
,Upper 95% CI,,0.161
,Lower 95% CI,,-0.224
R_OFC.10,Pearson's r,,0.018
,Upper 95% CI,,0.209
,Lower 95% CI,,-0.176
L_VS.1,Pearson's r,,0.117
,Upper 95% CI,,0.299
,Lower 95% CI,,-0.077
R_VS.1,Pearson's r,,0.028
,Upper 95% CI,,0.217
,Lower 95% CI,,-0.163
L_VS.2,Pearson's r,,0.081
,Upper 95% CI,,0.266
,Lower 95% CI,,-0.112
R_VS.2,Pearson's r,,0.014
,Upper 95% CI,,0.204
,Lower 95% CI,,-0.176
L_VS.3,Pearson's r,,0.033
,Upper 95% CI,,0.221
,Lower 95% CI,,-0.159
R_VS.3,Pearson's r,,0.028
,Upper 95% CI,,0.216
,Lower 95% CI,,-0.163
L_VS.4,Pearson's r,,-0.031
,Upper 95% CI,,0.16
,Lower 95% CI,,-0.219
R_VS.4,Pearson's r,,-0.017
,Upper 95% CI,,0.173
,Lower 95% CI,,-0.207
L_VS.5,Pearson's r,,0.066
,Upper 95% CI,,0.252
,Lower 95% CI,,-0.126
R_VS.5,Pearson's r,,0.082
,Upper 95% CI,,0.267
,Lower 95% CI,,-0.111
L_VS.6,Pearson's r,,0.057
,Upper 95% CI,,0.247
,Lower 95% CI,,-0.138
R_VS.6,Pearson's r,,0.101
,Upper 95% CI,,0.287
,Lower 95% CI,,-0.095
L_VS.7,Pearson's r,,0.043
,Upper 95% CI,,0.233
,Lower 95% CI,,-0.152
R_VS.7,Pearson's r,,0.048
,Upper 95% CI,,0.238
,Lower 95% CI,,-0.147
L_VS.8,Pearson's r,,-0.036
,Upper 95% CI,,0.155
,Lower 95% CI,,-0.224
R_VS.8,Pearson's r,,-0.021
,Upper 95% CI,,0.17
,Lower 95% CI,,-0.21
L_VS.9,Pearson's r,,-0.069
,Upper 95% CI,,0.124
,Lower 95% CI,,-0.254
R_VS.9,Pearson's r,,-0.005
,Upper 95% CI,,0.186
,Lower 95% CI,,-0.194
L_VS.10,Pearson's r,,0.134
,Upper 95% CI,,0.317
,Lower 95% CI,,-0.062
R_VS.10,Pearson's r,,0.038
,Upper 95% CI,,0.229
,Lower 95% CI,,-0.156
